[{"inputs":[{"internalType":"address","name":"_from","type":"address"},{"internalType":"uint16","name":"_dstChainId","type":"uint16"},{"internalType":"bytes","name":"_toAddress","type":"bytes"},{"internalType":"uint256","name":"_tokenId","type":"uint256"},{"internalType":"address","name":"_refundAddress","type":"address"},{"internalType":"address","name":"_zroPaymentAddress","type":"address"},{"internalType":"bytes","name":"_adapterParam","type":"bytes"}],"name":"sendFrom","outputs":[],"stateMutability":"payable","type":"function"}]